id;form_submission_id;element_id;value
30d37b01-00d7-4888-939b-a015ababd79b;89c5cc9d-24c8-4e76-95b1-f56e19e5f51e;bb1cba93-b584-434a-8a82-c94c1428e8fe;Algerian
8503dd7f-a271-4b0b-b02f-5de019249da4;5f34f498-7960-49a8-9b47-db0a66cc9ae8;6e1de7d4-d29a-47e0-9d63-3047ebd5cd37;syndicate calculate
f0afded7-5c5b-4d4f-a7e8-8096b0fefc68;712c6b71-482c-443b-8938-ae78a9d1cb58;1ac943ef-7ab5-4988-aad1-77b2e9bf900c;application input overriding
989d7634-5707-469d-a608-ad408f5c5ea5;c1fa6ca5-4143-4e23-bc5e-047a6680df71;4d2b5fc6-c3e1-42a8-b6c3-ed672bc322ed;reboot
5c57459e-9fcd-432b-a522-a700b3c9f38d;9508457a-1f05-4cc8-905e-632a6411ae68;914ddaf9-5385-4eaa-93bc-5e133d07bfac;ivory deposit
9e5c3879-22b8-474a-8acc-39099f1e02a3;96df4c4f-f8ec-4ea8-be84-a98e2726883d;f242fd06-4ec8-4949-8489-bdeb5bf62fdd;e-enable Data program
fa55e988-d337-495f-89f7-bfcfdef5da36;04df68c4-5127-4d2b-b177-f7476cc677d1;0ea49bf0-4373-4565-bc59-502b4ebd6a8c;Kansas
7e85e1eb-0587-4f73-b740-4ed246f1f88c;fc642fa0-6eca-42ea-962e-c0eeb1a06e5e;94d211b1-633f-4ad8-b2b2-79bfce16de4f;HTTP transmit Washington
8cf5bbc3-e0d4-4a54-b597-992199d3bcc8;4524e711-7d96-475c-9cab-4e8610354a43;37e08ec3-6f13-4618-9a23-0cf9e4f19353;Maine
ccd38f53-c2c3-4a24-ab02-7e602aa9090c;28563503-0ef5-493b-b31a-1e782bd30c7c;7d1daf29-48fe-4c38-a3b4-e8dc8a95773d;real-time
