id;form_id
11a32848-ea95-4927-beda-4b2680413115;be5ba016-0d80-44c0-b27f-ee74bff937b2
7e883fc8-23c0-4de7-8d9d-56d8cc15b412;c37db628-327b-4a28-890c-f021389a4de5
b9a1031c-ce5b-4665-894f-e691274ae501;a4ab8d7d-5fcd-46b3-9dac-f55cb5da6231
435450b5-b55f-4e2a-9cdf-6c069c94223f;3a23c135-1b6e-4039-94e2-0f48d311c527
c249eabf-264c-4f3e-8405-e144eed24846;383d7f88-897b-483b-8ae5-291c8ca38e5a
5e526aa3-6484-4c95-964f-7e6e4ee47f64;5263cfab-4e78-4dbe-aded-bac45afce126
0234ab4a-d6fb-49ab-8aed-f6afbf0fa25c;0811ea38-2048-4ae3-a5c6-13f23385e918
d84c748b-7225-4b27-a73a-9898de4fb28a;7d958b17-1ddf-4467-ba80-1c9ca8430ecd
8b1e2098-6aeb-4c9e-b6bb-c75cb9afb7de;772f5bbc-8bdc-4d2f-8343-679ccd88adbf
6bf001cb-abe6-4b3e-8f73-93969dde9533;c1272069-29f4-4865-92ce-e2b95504ec8b
