id;form_id;element_id
93937fd0-25dd-4e44-ad33-7e40f303383d;592c2428-1288-494b-833d-a14c116eaadc;33737efa-6d03-4c46-8b15-41e2519bd5f6
7c4a55ad-4b06-4b32-9282-b3a62336d252;5dfcdc32-fbd8-4385-8264-f653daec05d8;ed4f0e9c-6717-40d0-bd6a-1863e5d3ef15
b7ebab03-6636-48ee-a362-db9ac7b52967;a1b87191-d227-42c6-ba4c-32c8cc137749;72b2d1ed-d97f-4865-82c1-9f353b0d25e2
02e8f82f-7ce8-4ef1-9c43-7a32216fc704;1fd134af-fb51-4093-8b1e-b114cab71635;a9820855-4e8f-4a98-9905-8b04220f8902
03f37ba8-c124-49a0-bdb2-24fd381e2ae4;37369d3f-aee9-4c1d-90eb-64bc09d9244c;46a12a8b-bfd0-4bc7-9d63-82aa4414363d
5fbb47fb-25fc-43bb-b5b5-e3f087e73e20;c694da8a-1975-43b6-8bff-baa28bf08974;4ffaf24f-96d7-48bf-86d2-dbab4ba0e4dc
596279b1-d8ea-41e5-9ea1-9527e9dae0ca;52250020-a175-4a45-812b-f716048382f5;0b7957fe-5447-4386-a639-925f05235da5
c578b9a8-7a2f-48a9-abae-2f17ff10f267;6e87c454-7c48-49c3-a869-7fbfb9e568c7;9c8a3481-c8f5-4005-9d57-4b61ed6ce5d1
c056dd79-ddb3-412d-8fc2-10b797f87b0e;4bd15916-f00d-4c92-ba84-44dd0d0e8601;67722f71-ed69-44a2-969d-1624c0b8ff47
052d8685-9ab3-4342-90c2-f1dfa28ea006;8a1d8b6a-2902-479a-a21c-0dda02c791d9;63ae8285-76ef-4b18-bfa7-8d27514e7902
